"Title: Hospital Emergency Room Visits per 1,000 Population by Ownership Type | KFF",
Timeframe: 2005 - 2021,
2005__Total,387.0089
2006__Total,396.225
2007__Total,400.5399
2008__Total,404.1859096
2009__Total,414.64
2010__Total,411.3445771
2011__Total,415.4901166
2012__Total,424
2013__Total,423
2014__Total,428
2015__Total,441
2016__Total,440
2017__Total,445
2018__Total,439
2019__Total,437
2020__Total,372
2021__Total,383
